{"b": {"ip": "10.28.189.138", "port": 9000, "last_seen": 1778234819.8901384}, "a": {"ip": "10.28.189.138", "port": 9000, "last_seen": 1778234829.3778834}, "c": {"ip": "127.0.0.1", "port": 8080, "last_seen": 1778226481.304244}}