{"b": {"ip": "10.28.189.113", "port": 9000, "last_seen": 1778482494.049237}, "a": {"ip": "10.28.189.57", "port": 9000, "last_seen": 1778482493.222665}, "c": {"ip": "10.28.189.138", "port": 9000, "last_seen": 1778482484.5038629}}