{"b": {"ip": "10.28.189.113", "port": 9000, "last_seen": 1778296911.2880778}, "a": {"ip": "10.28.189.57", "port": 9000, "last_seen": 1778296514.073627}, "c": {"ip": "10.28.189.138", "port": 9000, "last_seen": 1778296907.1985495}}