{"b": {"ip": "10.28.189.138", "port": 9000, "last_seen": 1778468164.657871}, "a": {"ip": "10.28.189.138", "port": 9000, "last_seen": 1778468127.282283}, "c": {"ip": "10.28.189.138", "port": 9000, "last_seen": 1778300674.3794644}}