{"c": {"ip": "127.0.0.3", "port": 8080, "last_seen": 1778214320.293877}, "b": {"ip": "127.0.0.3", "port": 8080, "last_seen": 1778214319.2933104}, "a": {"ip": "192.168.1.145", "port": 8080, "last_seen": 1778215706.8821094}}