{"b": {"ip": "10.28.189.138", "port": 9000, "last_seen": 1778292194.7374876}, "a": {"ip": "10.28.189.138", "port": 9000, "last_seen": 1778292280.4776022}, "c": {"ip": "127.0.0.1", "port": 8080, "last_seen": 1778226481.304244}}