{"b": {"ip": "10.28.189.138", "port": 8080, "last_seen": 1778226482.2736208}, "a": {"ip": "10.28.189.138", "port": 8080, "last_seen": 1778226480.0199142}, "c": {"ip": "127.0.0.1", "port": 8080, "last_seen": 1778226481.304244}}