{"admin": {"ip": "127.0.0.1", "port": 8080, "last_seen": 1778154079.14564}, "c": {"ip": "127.0.0.3", "port": 8080, "last_seen": 1778154059.3035269}, "b": {"ip": "127.0.0.2", "port": 8080, "last_seen": 1778154056.2986164}}