{"b": {"ip": "127.0.0.3", "port": 8080, "last_seen": 1778075365.2031453}, "admin": {"ip": "127.0.0.1", "port": 8080, "last_seen": 1778075365.724103}, "a": {"ip": "127.0.0.2", "port": 8080, "last_seen": 1778075363.194897}}