{"admin": {"ip": "127.0.0.1", "port": 8080, "last_seen": 1778069105.2928061}, "c": {"ip": "127.0.0.3", "port": 8080, "last_seen": 1778069107.3020926}, "a": {"ip": "127.0.0.2", "port": 8080, "last_seen": 1778069105.3033397}}