{"b": {"ip": "10.28.189.113", "port": 9000, "last_seen": 1778481171.7880597}, "a": {"ip": "10.28.189.57", "port": 9000, "last_seen": 1778481206.2319243}, "c": {"ip": "10.28.189.138", "port": 9000, "last_seen": 1778481020.0661125}}