{"b": {"ip": "10.28.189.113", "port": 9000, "last_seen": 1778478409.977416}, "a": {"ip": "10.28.189.57", "port": 9000, "last_seen": 1778478409.0600958}, "c": {"ip": "10.28.189.138", "port": 9000, "last_seen": 1778477959.939067}}